STN_ID,NORMAL_ID,ENG_ELEMENTNAME,MONTH,VALUE,FIRST_OCCURRENCE_DATE,OCCURRENCE_COUNT,PUBLICATION_CODE,NORMAL_CODE,YEAR_COUNT_NORMAL_PERIOD,ENG_STN_NAME,MAX_DURATION_MISSING_YEARS,FIRST_YEAR_NORMAL_PERIOD,LAST_YEAR_NORMAL_PERIOD,FIRST_YEAR,LAST_YEAR,TOTAL_OBS_COUNT,PERCENT_OF_POSSIBLE_OBS,DATE_CALCULATED,NORMAL_PERIOD_ID,,,,,,,,
40000000,1,Mean daily temperature deg C,1,-22,,,1,A,27,BIG TROUT LAKE,2,1991,2020,,,829,89.14,1/12/2024,4,,,,,,,,
40000000,1,Mean daily temperature deg C,2,-20,,,1,A,27,BIG TROUT LAKE,2,1991,2020,,,755,89.03,1/12/2024,4,,,,,,,,
40000000,1,Mean daily temperature deg C,3,-12.7,,,1,A,27,BIG TROUT LAKE,2,1991,s,,,825,91.77,1/12/2024,4,,,,,,,,
40000000,1,Mean daily temperature deg C,4,-3.1,,,1,A,27,BIG TROUT LAKE,2,1991,2020,,,794,88.22,1/12/2024,4,,,,,,,,
40000000,1,Mean daily temperature deg C,5,5.6,,,1,A,26,BIG TROUT LAKE,2,1991,2020,,,793,85.27,1/12/2024,4,,,,,,,,
40000000,1,Mean daily temperature deg C,6,12.8,,,1,A,27,BIG TROUT LAKE,2,1991,2020,,,794,91.26,1/12/2024,4,,,,,,,,
40000000,1,Mean daily temperature deg C,7,16.2,,,1,A,25,BIG TROUT LAKE,2,1991,2020,,,765,85.09,1/12/2024,4,,,,,,,,
40000000,1,Mean daily temperature deg C,8,15.1,,,1,A,26,BIG TROUT LAKE,2,1991,2020,,,796,85.59,1/12/2024,4,,,,,,,,
40000000,1,Mean daily temperature deg C,9,9.5,,,1,A,26,BIG TROUT LAKE,2,1991,2020,,,764,84.89,1/12/2024,4,,,,,,,,
40000000,1,Mean daily temperature deg C,10,2,,,1,A,25,BIG TROUT LAKE,3,1991,2020,,,765,85.09,1/12/2024,4,,,,,,,,
40000000,1,Mean daily temperature deg C,11,-8.3,,,1,A,27,BIG TROUT LAKE,3,1991,2020,,,805,95.83,1/12/2024,4,,,,,,,,
40000000,1,Mean daily temperature deg C,12,-18,,,1,A,26,BIG TROUT LAKE,3,1991,2020,,,797,85.7,1/12/2024,4,,,,,,,,
40000000,1,Mean daily temperature deg C,13,-1.9,,,1,A,27,BIG TROUT LAKE,3,1991,2020,,,9482,88.07,1/12/2024,4,,,,,,,,s
40000000,3,Extreme minimium daily mean temperature deg C,1,-39,1/17/1994,1,1,,,BIG TROUT LAKE,,,,1991,2020,860,92.47,1/12/2024,1,,,,,,,,
40000000,3,Extreme minimium daily mean temperature deg C,2,-37.3,2/1/1996,1,1,,,BIG TROUT LAKE,,,,1991,2020,763,89.98,1/12/2024,1,,,,,,,,
40000000,3,Extreme minimium daily mean temperature deg C,3,-34.7,3/1/2003,1,1,,,BIG TROUT LAKE,,,,1991,2020,844,93.88,1/12/2024,1,,,,,,,,
40000000,3,Extreme minimium daily mean temperature deg C,4,-22.7,4/3/1995,1,1,,,BIG TROUT LAKE,,,,1991,2020,816,90.67,1/12/2024,1,,,,,,,,
40000000,3,Extreme minimium daily mean temperature deg C,5,-7.4,5/15/2009,1,1,,,BIG TROUT LAKE,,,,1991,2020,830,89.25,1/12/2024,1,,,,,,,,
40000000,3,Extreme minimium daily mean temperature deg C,6,0.7,6/2/1998,1,1,,,BIG TROUT LAKE,,,,1991,2020,801,92.07,1/12/2024,1,,,,,,,,
40000000,3,Extreme minimium daily mean temperature deg C,7,4.7,7/26/1992,1,1,,,BIG TROUT LAKE,,,,1991,2020,822,91.43,1/12/2024,1,,,,,,,,
40000000,3,Extreme minimium daily mean temperature deg C,8,5,8/27/2018,1,1,,,BIG TROUT LAKE,,,,1991,2020,833,89.57,1/12/2024,1,,,,,,,,
40000000,3,Extreme minimium daily mean temperature deg C,9,-3.5,9/26/2000,1,1,,,BIG TROUT LAKE,,,,1991,2020,805,89.44,1/12/2024,1,,,,,,,,
40000000,3,Extreme minimium daily mean temperature deg C,10,-12.6,10/29/2002,1,1,,,BIG TROUT LAKE,,,,1991,2020,807,89.77,1/12/2024,1,,,,,,,,
40000000,3,Extreme minimium daily mean temperature deg C,11,-28.1,11/26/2014,1,1,,,BIG TROUT LAKE,,,,1991,2020,808,96.19,1/12/2024,1,,,,,,,,
40000000,3,Extreme minimium daily mean temperature deg C,12,-38.8,12/30/1996,1,1,,,BIG TROUT LAKE,,,,1991,2020,841,90.43,1/12/2024,1,,,,,,,,
40000000,3,Extreme minimium daily mean temperature deg C,13,-39,1/17/1994,1,1,,,BIG TROUT LAKE,,,,1991,2020,9830,91.26,1/12/2024,1,,,,,,,,
40000000,4,Extreme maximum daily mean temperature deg C,1,0.3,1/3/1992,1,1,,,BIG TROUT LAKE,,,,1991,2020,860,92.47,1/12/2024,1,,,,,,,,
40000000,4,Extreme maximum daily mean temperature deg C,2,1.5,2/23/1998,1,1,,,BIG TROUT LAKE,,,,1991,2020,763,89.98,1/12/2024,1,,,,,,,,
40000000,4,Extreme maximum daily mean temperature deg C,3,7.9,3/25/1993,2,1,,,BIG TROUT LAKE,,,,1991,2020,844,93.88,1/12/2024,1,,,,,,,,
40000000,4,Extreme maximum daily mean temperature deg C,4,13.6,4/25/2000,1,1,,,BIG TROUT LAKE,,,,1991,2020,816,90.67,1/12/2024,1,,,,,,,,
40000000,4,Extreme maximum daily mean temperature deg C,5,18.9,5/24/2018,1,1,,,BIG TROUT LAKE,,,,1991,2020,830,89.25,1/12/2024,1,,,,,,,,
40000000,4,Extreme maximum daily mean temperature deg C,6,27.4,6/18/1995,1,1,,,BIG TROUT LAKE,,,,1991,2020,801,92.07,1/12/2024,1,,,,,,,,
40000000,4,Extreme maximum daily mean temperature deg C,7,26.9,7/25/2007,1,1,,,BIG TROUT LAKE,,,,1991,2020,822,91.43,1/12/2024,1,,,,,,,,
40000000,4,Extreme maximum daily mean temperature deg C,8,26.4,8/12/1991,1,1,,,BIG TROUT LAKE,,,,1991,2020,833,89.57,1/12/2024,1,,,,,,,,
40000000,4,Extreme maximum daily mean temperature deg C,9,22.2,9/3/2015,1,1,,,BIG TROUT LAKE,,,,1991,2020,805,89.44,1/12/2024,1,,,,,,,,
40000000,4,Extreme maximum daily mean temperature deg C,10,17.8,10/6/2011,1,1,,,BIG TROUT LAKE,,,,1991,2020,807,89.77,1/12/2024,1,,,,,,,,
40000000,4,Extreme maximum daily mean temperature deg C,11,10.6,11/6/2016,1,1,,,BIG TROUT LAKE,,,,1991,2020,808,96.19,1/12/2024,1,,,,,,,,
40000000,4,Extreme maximum daily mean temperature deg C,12,1.1,12/5/2015,1,1,,,BIG TROUT LAKE,,,,1991,2020,841,90.43,1/12/2024,1,,,,,,,,
40000000,4,Extreme maximum daily mean temperature deg C,13,27.4,6/18/1995,1,1,,,BIG TROUT LAKE,,,,1991,2020,9830,91.26,1/12/2024,1,,,,,,,,
40000000,5,Mean daily max temperature deg C,1,-16.8,,,1,A,27,BIG TROUT LAKE,2,1991,2020,,,830,89.25,1/12/2024,4,,,,,,,,
40000000,5,Mean daily max temperature deg C,2,-13.5,,,1,A,27,BIG TROUT LAKE,2,1991,2020,,,756,89.15,1/12/2024,4,,,,,,,,
40000000,5,Mean daily max temperature deg C,3,-5.3,,,1,A,27,BIG TROUT LAKE,2,1991,2020,,,828,92.1,1/12/2024,4,,,,,,,,
40000000,5,Mean daily max temperature deg C,4,3.8,,,1,A,27,BIG TROUT LAKE,2,1991,2020,,,796,88.44,1/12/2024,4,,,,,,,,
40000000,5,Mean daily max temperature deg C,5,12.1,,,1,A,26,BIG TROUT LAKE,2,1991,2020,,,795,85.48,1/12/2024,4,,,,,,,,
40000000,5,Mean daily max temperature deg C,6,19.2,,,1,A,27,BIG TROUT LAKE,2,1991,2020,,,795,91.38,1/12/2024,4,,,,,,,,
40000000,5,Mean daily max temperature deg C,7,22.1,,,1,A,25,BIG TROUT LAKE,2,1991,2020,,,766,85.21,1/12/2024,4,,,,,,,,
40000000,5,Mean daily max temperature deg C,8,20.6,,,1,A,26,BIG TROUT LAKE,2,1991,2020,,,798,85.81,1/12/2024,4,,,,,,,,
40000000,5,Mean daily max temperature deg C,9,14.1,,,1,A,26,BIG TROUT LAKE,2,1991,2020,,,765,85,1/12/2024,4,,,,,,,,
40000000,5,Mean daily max temperature deg C,10,5.3,,,1,A,25,BIG TROUT LAKE,3,1991,2020,,,765,85.09,1/12/2024,4,,,,,,,,
40000000,5,Mean daily max temperature deg C,11,-4.7,,,1,A,27,BIG TROUT LAKE,3,1991,2020,,,806,95.95,1/12/2024,4,,,,,,,,
40000000,5,Mean daily max temperature deg C,12,-13.7,,,1,A,26,BIG TROUT LAKE,3,1991,2020,,,800,86.02,1/12/2024,4,,,,,,,,
40000000,5,Mean daily max temperature deg C,13,3.6,,,1,A,27,BIG TROUT LAKE,3,1991,2020,,,9500,88.24,1/12/2024,4,,,,,,,,
40000000,6,Extreme maximum daily max temperature deg C,1,2.1,1/27/2006,2,1,,,BIG TROUT LAKE,,,,1991,2020,861,92.58,1/12/2024,1,,,,,,,,
40000000,6,Extreme maximum daily max temperature deg C,2,6.1,2/25/1998,1,1,,,BIG TROUT LAKE,,,,1991,2020,764,90.09,1/12/2024,1,,,,,,,,
40000000,6,Extreme maximum daily max temperature deg C,3,15.1,3/14/2010,1,1,,,BIG TROUT LAKE,,,,1991,2020,847,94.22,1/12/2024,1,,,,,,,,
40000000,6,Extreme maximum daily max temperature deg C,4,23.5,4/23/2006,1,1,,,BIG TROUT LAKE,,,,1991,2020,818,90.89,1/12/2024,1,,,,,,,,
40000000,6,Extreme maximum daily max temperature deg C,5,31.8,5/24/2018,1,1,,,BIG TROUT LAKE,,,,1991,2020,832,89.46,1/12/2024,1,,,,,,,,
40000000,6,Extreme maximum daily max temperature deg C,6,36.5,6/18/1995,1,1,,,BIG TROUT LAKE,,,,1991,2020,802,92.18,1/12/2024,1,,,,,,,,
40000000,6,Extreme maximum daily max temperature deg C,7,33.4,7/1/2011,1,1,,,BIG TROUT LAKE,,,,1991,2020,823,91.55,1/12/2024,1,,,,,,,,
40000000,6,Extreme maximum daily max temperature deg C,8,32.9,8/12/1991,1,1,,,BIG TROUT LAKE,,,,1991,2020,836,89.89,1/12/2024,1,,,,,,,,
40000000,6,Extreme maximum daily max temperature deg C,9,30,9/10/2011,1,1,,,BIG TROUT LAKE,,,,1991,2020,806,89.56,1/12/2024,1,,,,,,,,
40000000,6,Extreme maximum daily max temperature deg C,10,24.8,10/6/2011,1,1,,,BIG TROUT LAKE,,,,1991,2020,807,89.77,1/12/2024,1,,,,,,,,
40000000,6,Extreme maximum daily max temperature deg C,11,16.2,11/6/2016,1,1,,,BIG TROUT LAKE,,,,1991,2020,809,96.31,1/12/2024,1,,,,,,,,
40000000,6,Extreme maximum daily max temperature deg C,12,4.1,12/1/1999,1,1,,,BIG TROUT LAKE,,,,1991,2020,844,90.75,1/12/2024,1,,,,,,,,
40000000,6,Extreme maximum daily max temperature deg C,13,36.5,6/18/1995,1,1,,,BIG TROUT LAKE,,,,1991,2020,9849,91.44,1/12/2024,1,,,,,,,,
40000000,8,Mean daily min temperature deg C,1,-27.3,,,1,A,27,BIG TROUT LAKE,2,1991,2020,,,833,89.57,1/12/2024,4,,,,,,,,
40000000,8,Mean daily min temperature deg C,2,-26.6,,,1,A,27,BIG TROUT LAKE,2,1991,2020,,,758,89.39,1/12/2024,4,,,,,,,,
40000000,8,Mean daily min temperature deg C,3,-20,,,1,A,27,BIG TROUT LAKE,2,1991,2020,,,833,92.66,1/12/2024,4,,,,,,,,
40000000,8,Mean daily min temperature deg C,4,-9.9,,,1,A,27,BIG TROUT LAKE,2,1991,2020,,,802,89.11,1/12/2024,4,,,,,,,,
40000000,8,Mean daily min temperature deg C,5,-0.9,,,1,A,26,BIG TROUT LAKE,2,1991,2020,,,801,86.13,1/12/2024,4,,,,,,,,
40000000,8,Mean daily min temperature deg C,6,6.4,,,1,A,27,BIG TROUT LAKE,2,1991,2020,,,802,92.18,1/12/2024,4,,,,,,,,
40000000,8,Mean daily min temperature deg C,7,10.2,,,1,A,25,BIG TROUT LAKE,2,1991,2020,,,772,85.87,1/12/2024,4,,,,,,,,
40000000,8,Mean daily min temperature deg C,8,9.5,,,1,A,26,BIG TROUT LAKE,2,1991,2020,,,800,86.02,1/12/2024,4,,,,,,,,
40000000,8,Mean daily min temperature deg C,9,4.8,,,1,A,26,BIG TROUT LAKE,2,1991,2020,,,772,85.78,1/12/2024,4,,,,,,,,
40000000,8,Mean daily min temperature deg C,10,-1.4,,,1,A,25,BIG TROUT LAKE,3,1991,2020,,,768,85.43,1/12/2024,4,,,,,,,,
40000000,8,Mean daily min temperature deg C,11,-11.8,,,1,A,27,BIG TROUT LAKE,3,1991,2020,,,807,96.07,1/12/2024,4,,,,,,,,
40000000,8,Mean daily min temperature deg C,12,-22.4,,,1,A,26,BIG TROUT LAKE,3,1991,2020,,,801,86.13,1/12/2024,4,,,,,,,,
40000000,8,Mean daily min temperature deg C,13,-7.5,,,1,A,27,BIG TROUT LAKE,3,1991,2020,,,9549,88.7,1/12/2024,4,,,,,,,,
40000000,9,Extreme minimum daily min temperature deg C,1,-46.2,1/31/1996,1,1,,,BIG TROUT LAKE,,,,1991,2020,864,92.9,1/12/2024,1,,,,,,,,
40000000,9,Extreme minimum daily min temperature deg C,2,-44.3,2/19/2018,1,1,,,BIG TROUT LAKE,,,,1991,2020,766,90.33,1/12/2024,1,,,,,,,,
40000000,9,Extreme minimum daily min temperature deg C,3,-43.1,3/5/1995,1,1,,,BIG TROUT LAKE,,,,1991,2020,852,94.77,1/12/2024,1,,,,,,,,
40000000,9,Extreme minimum daily min temperature deg C,4,-31.7,4/3/2018,1,1,,,BIG TROUT LAKE,,,,1991,2020,824,91.56,1/12/2024,1,,,,,,,,
40000000,9,Extreme minimum daily min temperature deg C,5,-14.8,5/15/2009,1,1,,,BIG TROUT LAKE,,,,1991,2020,840,90.32,1/12/2024,1,,,,,,,,
40000000,9,Extreme minimum daily min temperature deg C,6,-4.2,6/5/2002,1,1,,,BIG TROUT LAKE,,,,1991,2020,809,92.99,1/12/2024,1,,,,,,,,
40000000,9,Extreme minimum daily min temperature deg C,7,-0.4,7/11/2017,1,1,,,BIG TROUT LAKE,,,,1991,2020,831,92.44,1/12/2024,1,,,,,,,,
40000000,9,Extreme minimum daily min temperature deg C,8,-1.3,8/31/2000,1,1,,,BIG TROUT LAKE,,,,1991,2020,840,90.32,1/12/2024,1,,,,,,,,
40000000,9,Extreme minimum daily min temperature deg C,9,-7.1,9/26/2000,1,1,,,BIG TROUT LAKE,,,,1991,2020,816,90.67,1/12/2024,1,,,,,,,,
40000000,9,Extreme minimum daily min temperature deg C,10,-20,10/29/2002,1,1,,,BIG TROUT LAKE,,,,1991,2020,811,90.21,1/12/2024,1,,,,,,,,
40000000,9,Extreme minimum daily min temperature deg C,11,-32.2,11/30/2012,1,1,,,BIG TROUT LAKE,,,,1991,2020,810,96.43,1/12/2024,1,,,,,,,,
40000000,9,Extreme minimum daily min temperature deg C,12,-45.2,12/31/1996,1,1,,,BIG TROUT LAKE,,,,1991,2020,847,91.08,1/12/2024,1,,,,,,,,
40000000,9,Extreme minimum daily min temperature deg C,13,-46.2,1/31/1996,1,1,,,BIG TROUT LAKE,,,,1991,2020,9910,92,1/12/2024,1,,,,,,,,
40000000,33,Days with daily max temperature LE 0 deg C,1,30.6,,,1,A,27,BIG TROUT LAKE,2,1991,2020,,,830,89.25,1/12/2024,4,,,,,,,,
40000000,33,Days with daily max temperature LE 0 deg C,2,26.9,,,1,A,27,BIG TROUT LAKE,2,1991,2020,,,756,89.15,1/12/2024,4,,,,,,,,
40000000,33,Days with daily max temperature LE 0 deg C,3,23,,,1,A,27,BIG TROUT LAKE,2,1991,2020,,,828,92.1,1/12/2024,4,,,,,,,,
40000000,33,Days with daily max temperature LE 0 deg C,4,9.4,,,1,A,27,BIG TROUT LAKE,2,1991,2020,,,796,88.44,1/12/2024,4,,,,,,,,
40000000,33,Days with daily max temperature LE 0 deg C,5,0.8,,,1,A,26,BIG TROUT LAKE,2,1991,2020,,,795,85.48,1/12/2024,4,,,,,,,,
40000000,33,Days with daily max temperature LE 0 deg C,6,0,,,1,A,27,BIG TROUT LAKE,2,1991,2020,,,795,91.38,1/12/2024,4,,,,,,,,
40000000,33,Days with daily max temperature LE 0 deg C,7,0,,,1,A,25,BIG TROUT LAKE,2,1991,2020,,,766,85.21,1/12/2024,4,,,,,,,,
40000000,33,Days with daily max temperature LE 0 deg C,8,0,,,1,A,26,BIG TROUT LAKE,2,1991,2020,,,798,85.81,1/12/2024,4,,,,,,,,
40000000,33,Days with daily max temperature LE 0 deg C,9,0,,,1,A,26,BIG TROUT LAKE,2,1991,2020,,,765,85,1/12/2024,4,,,,,,,,
40000000,33,Days with daily max temperature LE 0 deg C,10,4.8,,,1,A,25,BIG TROUT LAKE,3,1991,2020,,,765,85.09,1/12/2024,4,,,,,,,,
40000000,33,Days with daily max temperature LE 0 deg C,11,23.1,,,1,A,27,BIG TROUT LAKE,3,1991,2020,,,806,95.95,1/12/2024,4,,,,,,,,
40000000,33,Days with daily max temperature LE 0 deg C,12,30.4,,,1,A,26,BIG TROUT LAKE,3,1991,2020,,,800,86.02,1/12/2024,4,,,,,,,,
40000000,33,Days with daily max temperature LE 0 deg C,13,149,,,1,A,27,BIG TROUT LAKE,3,1991,2020,,,9500,88.24,1/12/2024,4,,,,,,,,
40000000,41,Days with daily min temperature LE 0 deg C,1,31,,,1,A,27,BIG TROUT LAKE,2,1991,2020,,,833,89.57,1/12/2024,4,,,,,,,,
40000000,41,Days with daily min temperature LE 0 deg C,2,28.2,,,1,A,27,BIG TROUT LAKE,2,1991,2020,,,758,89.39,1/12/2024,4,,,,,,,,
40000000,41,Days with daily min temperature LE 0 deg C,3,30.6,,,1,A,27,BIG TROUT LAKE,2,1991,2020,,,833,92.66,1/12/2024,4,,,,,,,,
40000000,41,Days with daily min temperature LE 0 deg C,4,28.5,,,1,A,27,BIG TROUT LAKE,2,1991,2020,,,802,89.11,1/12/2024,4,,,,,,,,
40000000,41,Days with daily min temperature LE 0 deg C,5,18.6,,,1,A,26,BIG TROUT LAKE,2,1991,2020,,,801,86.13,1/12/2024,4,,,,,,,,
40000000,41,Days with daily min temperature LE 0 deg C,6,3,,,1,A,27,BIG TROUT LAKE,2,1991,2020,,,802,92.18,1/12/2024,4,,,,,,,,
40000000,41,Days with daily min temperature LE 0 deg C,7,0.1,,,1,A,27,BIG TROUT LAKE,2,1991,2020,,,828,92.1,1/12/2024,4,,,,,,,,
40000000,41,Days with daily min temperature LE 0 deg C,8,0.3,,,1,A,26,BIG TROUT LAKE,2,1991,2020,,,800,86.02,1/12/2024,4,,,,,,,,
40000000,41,Days with daily min temperature LE 0 deg C,9,5.6,,,1,A,26,BIG TROUT LAKE,2,1991,2020,,,772,85.78,1/12/2024,4,,,,,,,,
40000000,41,Days with daily min temperature LE 0 deg C,10,19.7,,,1,A,25,BIG TROUT LAKE,3,1991,2020,,,768,85.43,1/12/2024,4,,,,,,,,
40000000,41,Days with daily min temperature LE 0 deg C,11,28.8,,,1,A,27,BIG TROUT LAKE,3,1991,2020,,,807,96.07,1/12/2024,4,,,,,,,,
40000000,41,Days with daily min temperature LE 0 deg C,12,31,,,1,A,26,BIG TROUT LAKE,3,1991,2020,,,801,86.13,1/12/2024,4,,,,,,,,
40000000,41,Days with daily min temperature LE 0 deg C,13,225.4,,,1,A,27,BIG TROUT LAKE,3,1991,2020,,,9605,89.21,1/12/2024,4,,,,,,,,
40000000,60,Extreme daily precipitation mm,1,11,1/24/2010,1,1,,,BIG TROUT LAKE,,,,1991,2020,826,88.82,1/12/2024,1,,,,,,,,
40000000,60,Extreme daily precipitation mm,2,20,2/6/1995,1,1,,,BIG TROUT LAKE,,,,1991,2020,752,88.68,1/12/2024,1,,,,,,,,
40000000,60,Extreme daily precipitation mm,3,20.9,3/24/2020,1,1,,,BIG TROUT LAKE,,,,1991,2020,805,89.54,1/12/2024,1,,,,,,,,
40000000,60,Extreme daily precipitation mm,4,26,4/17/2002,1,1,,,BIG TROUT LAKE,,,,1991,2020,772,85.78,1/12/2024,1,,,,,,,,
40000000,60,Extreme daily precipitation mm,5,33,5/3/2006,1,1,,,BIG TROUT LAKE,,,,1991,2020,803,86.34,1/12/2024,1,,,,,,,,
40000000,60,Extreme daily precipitation mm,6,63.7,6/17/2020,1,1,,,BIG TROUT LAKE,,,,1991,2020,807,92.76,1/12/2024,1,,,,,,,,
40000000,60,Extreme daily precipitation mm,7,92.5,7/23/2018,1,1,,,BIG TROUT LAKE,,,,1991,2020,833,92.66,1/12/2024,1,,,,,,,,
40000000,60,Extreme daily precipitation mm,8,83,8/28/2000,1,1,,,BIG TROUT LAKE,,,,1991,2020,811,87.2,1/12/2024,1,,,,,,,,
40000000,60,Extreme daily precipitation mm,9,127,9/1/2008,1,1,,,BIG TROUT LAKE,,,,1991,2020,765,85,1/12/2024,1,,,,,,,,
40000000,60,Extreme daily precipitation mm,10,32.2,10/11/2019,1,1,,,BIG TROUT LAKE,,,,1991,2020,792,88.1,1/12/2024,1,,,,,,,,
40000000,60,Extreme daily precipitation mm,11,26,11/1/1999,1,1,,,BIG TROUT LAKE,,,,1991,2020,786,93.57,1/12/2024,1,,,,,,,,
40000000,60,Extreme daily precipitation mm,12,23,12/3/2012,1,1,,,BIG TROUT LAKE,,,,1991,2020,801,86.13,1/12/2024,1,,,,,,,,
40000000,60,Extreme daily precipitation mm,13,127,9/1/2008,1,1,,,BIG TROUT LAKE,,,,1991,2020,9553,88.72,1/12/2024,1,,,,,,,,
40000000,70,Days with precipitation GE 5 mm,1,0.9,,,1,A,26,BIG TROUT LAKE,3,1991,2020,,,783,84.19,1/12/2024,4,,,,,,,,
40000000,70,Days with precipitation GE 5 mm,2,0.3,,,1,A,27,BIG TROUT LAKE,2,1991,2020,,,744,87.74,1/12/2024,4,,,,,,,,
40000000,70,Days with precipitation GE 5 mm,3,1.3,,,1,A,25,BIG TROUT LAKE,2,1991,2020,,,756,84.09,1/12/2024,4,,,,,,,,
40000000,70,Days with precipitation GE 5 mm,4,1.2,,,1,A,27,BIG TROUT LAKE,2,1991,2020,,,772,85.78,1/12/2024,4,,,,,,,,
40000000,70,Days with precipitation GE 5 mm,5,3,,,1,A,25,BIG TROUT LAKE,2,1991,2020,,,755,81.18,1/12/2024,4,,,,,,,,
40000000,70,Days with precipitation GE 5 mm,6,4.2,,,1,A,27,BIG TROUT LAKE,2,1991,2020,,,781,89.77,1/12/2024,4,,,,,,,,
40000000,70,Days with precipitation GE 5 mm,7,5.6,,,1,A,26,BIG TROUT LAKE,2,1991,2020,,,778,86.54,1/12/2024,4,,,,,,,,
40000000,70,Days with precipitation GE 5 mm,8,4.8,,,1,A,26,BIG TROUT LAKE,2,1991,2020,,,776,83.44,1/12/2024,4,,,,,,,,
40000000,70,Days with precipitation GE 5 mm,9,4.2,,,1,A,25,BIG TROUT LAKE,2,1991,2020,,,724,80.44,1/12/2024,4,,,,,,,,
40000000,70,Days with precipitation GE 5 mm,10,3.1,,,1,A,25,BIG TROUT LAKE,3,1991,2020,,,752,83.65,1/12/2024,4,,,,,,,,
40000000,70,Days with precipitation GE 5 mm,11,2.2,,,1,B,26,BIG TROUT LAKE,4,1991,2020,,,764,90.95,1/12/2024,4,,,,,,,,
40000000,70,Days with precipitation GE 5 mm,12,1,,,1,B,25,BIG TROUT LAKE,4,1991,2020,,,751,80.75,1/12/2024,4,,,,,,,,
40000000,70,Days with precipitation GE 5 mm,13,31.8,,,1,B,27,BIG TROUT LAKE,4,1991,2020,,,9136,84.88,1/12/2024,4,,,,,,,,
40000000,71,Days with precipitation GE 10 mm,1,0.1,,,1,A,26,BIG TROUT LAKE,3,1991,2020,,,783,84.19,1/12/2024,4,,,,,,,,
40000000,71,Days with precipitation GE 10 mm,2,0.1,,,1,A,27,BIG TROUT LAKE,2,1991,2020,,,744,87.74,1/12/2024,4,,,,,,,,
40000000,71,Days with precipitation GE 10 mm,3,0.3,,,1,A,25,BIG TROUT LAKE,2,1991,2020,,,756,84.09,1/12/2024,4,,,,,,,,
40000000,71,Days with precipitation GE 10 mm,4,0.5,,,1,A,27,BIG TROUT LAKE,2,1991,2020,,,772,85.78,1/12/2024,4,,,,,,,,
40000000,71,Days with precipitation GE 10 mm,5,2,,,1,A,25,BIG TROUT LAKE,2,1991,2020,,,755,81.18,1/12/2024,4,,,,,,,,
40000000,71,Days with precipitation GE 10 mm,6,2.2,,,1,A,27,BIG TROUT LAKE,2,1991,2020,,,781,89.77,1/12/2024,4,,,,,,,,
40000000,71,Days with precipitation GE 10 mm,7,3.1,,,1,A,26,BIG TROUT LAKE,2,1991,2020,,,778,86.54,1/12/2024,4,,,,,,,,
40000000,71,Days with precipitation GE 10 mm,8,2.4,,,1,A,26,BIG TROUT LAKE,2,1991,2020,,,776,83.44,1/12/2024,4,,,,,,,,
40000000,71,Days with precipitation GE 10 mm,9,1.9,,,1,A,25,BIG TROUT LAKE,2,1991,2020,,,724,80.44,1/12/2024,4,,,,,,,,
40000000,71,Days with precipitation GE 10 mm,10,1.2,,,1,A,25,BIG TROUT LAKE,3,1991,2020,,,752,83.65,1/12/2024,4,,,,,,,,
40000000,71,Days with precipitation GE 10 mm,11,0.7,,,1,B,26,BIG TROUT LAKE,4,1991,2020,,,764,90.95,1/12/2024,4,,,,,,,,
40000000,71,Days with precipitation GE 10 mm,12,0.4,,,1,B,25,BIG TROUT LAKE,4,1991,2020,,,751,80.75,1/12/2024,4,,,,,,,,
40000000,71,Days with precipitation GE 10 mm,13,14.9,,,1,B,27,BIG TROUT LAKE,4,1991,2020,,,9136,84.88,1/12/2024,4,,,,,,,,
40000000,94,Extreme of daily max gust m/s,1,17.5,1/24/2014,1,1,,,BIG TROUT LAKE,,,,1991,2020,819,91.1,1/12/2024,1,,,,,,,,
40000000,94,Extreme of daily max gust m/s,2,22.8,2/9/1991,1,1,,,BIG TROUT LAKE,,,,1991,2020,728,88.89,1/12/2024,1,,,,,,,,
40000000,94,Extreme of daily max gust m/s,3,21.1,3/20/2017,1,1,,,BIG TROUT LAKE,,,,1991,2020,825,95.05,1/12/2024,1,,,,,,,,
40000000,94,Extreme of daily max gust m/s,4,19.2,4/30/1991,3,1,,,BIG TROUT LAKE,,,,1991,2020,801,92.07,1/12/2024,1,,,,,,,,
40000000,94,Extreme of daily max gust m/s,5,32.5,5/27/1999,1,1,,,BIG TROUT LAKE,,,,1991,2020,824,91.66,1/12/2024,1,,,,,,,,
40000000,94,Extreme of daily max gust m/s,6,21.7,6/20/2002,1,1,,,BIG TROUT LAKE,,,,1991,2020,784,93.33,1/12/2024,1,,,,,,,,
40000000,94,Extreme of daily max gust m/s,7,25.8,7/23/1991,1,1,,,BIG TROUT LAKE,,,,1991,2020,769,88.59,1/12/2024,1,,,,,,,,
40000000,94,Extreme of daily max gust m/s,8,21.7,8/20/2004,1,1,,,BIG TROUT LAKE,,,,1991,2020,758,84.32,1/12/2024,1,,,,,,,,
40000000,94,Extreme of daily max gust m/s,9,23.1,9/10/2000,2,1,,,BIG TROUT LAKE,,,,1991,2020,775,89.08,1/12/2024,1,,,,,,,,
40000000,94,Extreme of daily max gust m/s,10,21.1,10/15/2002,1,1,,,BIG TROUT LAKE,,,,1991,2020,796,88.54,1/12/2024,1,,,,,,,,
40000000,94,Extreme of daily max gust m/s,11,20.6,11/2/1991,2,1,,,BIG TROUT LAKE,,,,1991,2020,769,91.55,1/12/2024,1,,,,,,,,
40000000,94,Extreme of daily max gust m/s,12,22.2,12/25/1999,1,1,,,BIG TROUT LAKE,,,,1991,2020,789,84.84,1/12/2024,1,,,,,,,,
40000000,94,Extreme of daily max gust m/s,13,32.5,5/27/1999,1,1,,,BIG TROUT LAKE,,,,1991,2020,9437,89.92,1/12/2024,1,,,,,,,,
40000000,114,Mean of hourly vapour pressure hPa,1,1.1,,,1,A,26,BIG TROUT LAKE,3,1991,2020,,,19180,95.48,1/12/2024,4,,,,,,,,
40000000,114,Mean of hourly vapour pressure hPa,2,1.2,,,1,A,27,BIG TROUT LAKE,2,1991,2020,,,18111,95.4,1/12/2024,4,,,,,,,,
40000000,114,Mean of hourly vapour pressure hPa,3,2.1,,,1,A,26,BIG TROUT LAKE,2,1991,2020,,,19065,91.52,1/12/2024,4,,,,,,,,
40000000,114,Mean of hourly vapour pressure hPa,4,3.5,,,1,A,27,BIG TROUT LAKE,2,1991,2020,,,19118,94.83,1/12/2024,4,,,,,,,,
40000000,114,Mean of hourly vapour pressure hPa,5,6.2,,,1,C,24,BIG TROUT LAKE,1,1995,2020,,,17700,84.97,1/12/2024,4,,,,,,,,
40000000,114,Mean of hourly vapour pressure hPa,7,13.8,,,1,A,25,BIG TROUT LAKE,3,1991,2020,,,18347,88.07,1/12/2024,4,,,,,,,,
40000000,114,Mean of hourly vapour pressure hPa,8,13.4,,,1,A,27,BIG TROUT LAKE,2,1991,2020,,,19741,94.76,1/12/2024,4,,,,,,,,
40000000,114,Mean of hourly vapour pressure hPa,9,9.9,,,1,A,26,BIG TROUT LAKE,2,1991,2020,,,18509,88.64,1/12/2024,4,,,,,,,,
40000000,114,Mean of hourly vapour pressure hPa,11,3.3,,,1,C,24,BIG TROUT LAKE,1,1995,2020,,,17208,88.52,1/12/2024,4,,,,,,,,
40000000,114,Mean of hourly vapour pressure hPa,12,1.6,,,1,A,25,BIG TROUT LAKE,1,1994,2020,,,18371,91.45,1/12/2024,4,,,,,,,,
40000000,115,Mean of hourly station pressure hPa,1,988.3,,,1,A,26,BIG TROUT LAKE,3,1991,2020,,,19239,95.77,1/12/2024,4,,,,,,,,
40000000,115,Mean of hourly station pressure hPa,2,988.9,,,1,A,27,BIG TROUT LAKE,2,1991,2020,,,18145,95.58,1/12/2024,4,,,,,,,,
40000000,115,Mean of hourly station pressure hPa,3,990.8,,,1,A,27,BIG TROUT LAKE,2,1991,2020,,,19952,95.78,1/12/2024,4,,,,,,,,
40000000,115,Mean of hourly station pressure hPa,4,990.1,,,1,A,27,BIG TROUT LAKE,2,1991,2020,,,19158,95.03,1/12/2024,4,,,,,,,,
40000000,115,Mean of hourly station pressure hPa,5,988.6,,,1,A,25,BIG TROUT LAKE,1,1995,2020,,,18478,88.7,1/12/2024,4,,,,,,,,
40000000,115,Mean of hourly station pressure hPa,6,985.9,,,1,A,26,BIG TROUT LAKE,1,1994,2020,,,18494,91.74,1/12/2024,4,,,,,,,,
40000000,115,Mean of hourly station pressure hPa,7,984.6,,,1,A,26,BIG TROUT LAKE,3,1991,2020,,,19220,92.26,1/12/2024,4,,,,,,,,
40000000,115,Mean of hourly station pressure hPa,8,985.5,,,1,A,27,BIG TROUT LAKE,2,1991,2020,,,19783,94.96,1/12/2024,4,,,,,,,,
40000000,115,Mean of hourly station pressure hPa,9,986.3,,,1,A,27,BIG TROUT LAKE,2,1991,2020,,,19232,92.11,1/12/2024,4,,,,,,,,
40000000,115,Mean of hourly station pressure hPa,10,986,,,1,A,26,BIG TROUT LAKE,1,1994,2020,,,19151,88.76,1/12/2024,4,,,,,,,,
40000000,115,Mean of hourly station pressure hPa,11,987.2,,,1,A,25,BIG TROUT LAKE,1,1995,2020,,,17931,92.24,1/12/2024,4,,,,,,,,
40000000,115,Mean of hourly station pressure hPa,12,988.1,,,1,A,26,BIG TROUT LAKE,1,1994,2020,,,19143,95.3,1/12/2024,4,,,,,,,,
40000000,115,Mean of hourly station pressure hPa,13,987.5,,,1,A,27,BIG TROUT LAKE,3,1991,2020,,,227926,93.19,1/12/2024,4,,,,,,,,
40000000,124,Mean of hourly mean sea level pressure hPa,1,1017.8,,,1,A,26,BIG TROUT LAKE,3,1991,2020,,,19125,95.21,1/12/2024,4,,,,,,,,
40000000,124,Mean of hourly mean sea level pressure hPa,2,1018.4,,,1,A,27,BIG TROUT LAKE,2,1991,2020,,,18089,95.29,1/12/2024,4,,,,,,,,
40000000,124,Mean of hourly mean sea level pressure hPa,3,1019.8,,,1,A,27,BIG TROUT LAKE,2,1991,2020,,,19764,94.87,1/12/2024,4,,,,,,,,
40000000,124,Mean of hourly mean sea level pressure hPa,4,1018.3,,,1,A,27,BIG TROUT LAKE,2,1991,2020,,,19040,94.44,1/12/2024,4,,,,,,,,
40000000,124,Mean of hourly mean sea level pressure hPa,5,1016.4,,,1,C,24,BIG TROUT LAKE,1,1995,2020,,,17676,84.85,1/12/2024,4,,,,,,,,
40000000,124,Mean of hourly mean sea level pressure hPa,6,1013.2,,,1,A,26,BIG TROUT LAKE,1,1994,2020,,,18358,91.06,1/12/2024,4,,,,,,,,
40000000,124,Mean of hourly mean sea level pressure hPa,7,1011.6,,,1,A,26,BIG TROUT LAKE,3,1991,2020,,,19060,91.49,1/12/2024,4,,,,,,,,
40000000,124,Mean of hourly mean sea level pressure hPa,8,1012.6,,,1,A,27,BIG TROUT LAKE,2,1991,2020,,,19629,94.23,1/12/2024,4,,,,,,,,
40000000,124,Mean of hourly mean sea level pressure hPa,9,1013.7,,,1,A,26,BIG TROUT LAKE,2,1991,2020,,,18414,88.19,1/12/2024,4,,,,,,,,
40000000,124,Mean of hourly mean sea level pressure hPa,10,1014.2,,,1,C,24,BIG TROUT LAKE,1,1995,2020,,,17587,81.51,1/12/2024,4,,,,,,,,
40000000,124,Mean of hourly mean sea level pressure hPa,11,1015.6,,,1,A,25,BIG TROUT LAKE,1,1995,2020,,,17907,92.11,1/12/2024,4,,,,,,,,
40000000,124,Mean of hourly mean sea level pressure hPa,12,1017.3,,,1,A,26,BIG TROUT LAKE,1,1994,2020,,,19045,94.81,1/12/2024,4,,,,,,,,
40000000,124,Mean of hourly mean sea level pressure hPa,13,1015.7,,,1,C,27,BIG TROUT LAKE,3,1991,2020,,,223694,91.51,1/12/2024,4,,,,,,,,
40000000,169,Mean number of days with maximum temperature >= 25°C,1,0,,,1,A,27,BIG TROUT LAKE,2,1991,2020,,,830,89.25,1/12/2024,4,,,,,,,,
40000000,169,Mean number of days with maximum temperature >= 25°C,2,0,,,1,A,27,BIG TROUT LAKE,2,1991,2020,,,756,89.15,1/12/2024,4,,,,,,,,
40000000,169,Mean number of days with maximum temperature >= 25°C,3,0,,,1,A,27,BIG TROUT LAKE,2,1991,2020,,,828,92.1,1/12/2024,4,,,,,,,,
40000000,169,Mean number of days with maximum temperature >= 25°C,4,0,,,1,A,27,BIG TROUT LAKE,2,1991,2020,,,796,88.44,1/12/2024,4,,,,,,,,
40000000,169,Mean number of days with maximum temperature >= 25°C,5,1,,,1,A,26,BIG TROUT LAKE,2,1991,2020,,,795,85.48,1/12/2024,4,,,,,,,,
40000000,169,Mean number of days with maximum temperature >= 25°C,6,6,,,1,A,27,BIG TROUT LAKE,2,1991,2020,,,795,91.38,1/12/2024,4,,,,,,,,
40000000,169,Mean number of days with maximum temperature >= 25°C,7,8.8,,,1,A,25,BIG TROUT LAKE,2,1991,2020,,,766,85.21,1/12/2024,4,,,,,,,,
40000000,169,Mean number of days with maximum temperature >= 25°C,8,5.6,,,1,A,26,BIG TROUT LAKE,2,1991,2020,,,798,85.81,1/12/2024,4,,,,,,,,
40000000,169,Mean number of days with maximum temperature >= 25°C,9,0.9,,,1,A,26,BIG TROUT LAKE,2,1991,2020,,,765,85,1/12/2024,4,,,,,,,,
40000000,169,Mean number of days with maximum temperature >= 25°C,10,0,,,1,A,25,BIG TROUT LAKE,3,1991,2020,,,765,85.09,1/12/2024,4,,,,,,,,
40000000,169,Mean number of days with maximum temperature >= 25°C,11,0,,,1,A,27,BIG TROUT LAKE,3,1991,2020,,,806,95.95,1/12/2024,4,,,,,,,,
40000000,169,Mean number of days with maximum temperature >= 25°C,12,0,,,1,A,26,BIG TROUT LAKE,3,1991,2020,,,800,86.02,1/12/2024,4,,,,,,,,
40000000,169,Mean number of days with maximum temperature >= 25°C,13,22.3,,,1,A,27,BIG TROUT LAKE,3,1991,2020,,,9500,88.24,1/12/2024,4,,,,,,,,
40000000,170,Mean number of days with maximum temperature >= 40°C,1,0,,,1,A,27,BIG TROUT LAKE,2,1991,2020,,,830,89.25,1/12/2024,4,,,,,,,,
40000000,170,Mean number of days with maximum temperature >= 40°C,2,0,,,1,A,27,BIG TROUT LAKE,2,1991,2020,,,756,89.15,1/12/2024,4,,,,,,,,
40000000,170,Mean number of days with maximum temperature >= 40°C,3,0,,,1,A,27,BIG TROUT LAKE,2,1991,2020,,,828,92.1,1/12/2024,4,,,,,,,,
40000000,170,Mean number of days with maximum temperature >= 40°C,4,0,,,1,A,27,BIG TROUT LAKE,2,1991,2020,,,796,88.44,1/12/2024,4,,,,,,,,
40000000,170,Mean number of days with maximum temperature >= 40°C,5,0,,,1,A,26,BIG TROUT LAKE,2,1991,2020,,,795,85.48,1/12/2024,4,,,,,,,,
40000000,170,Mean number of days with maximum temperature >= 40°C,6,0,,,1,A,27,BIG TROUT LAKE,2,1991,2020,,,795,91.38,1/12/2024,4,,,,,,,,
40000000,170,Mean number of days with maximum temperature >= 40°C,7,0,,,1,A,25,BIG TROUT LAKE,2,1991,2020,,,766,85.21,1/12/2024,4,,,,,,,,
40000000,170,Mean number of days with maximum temperature >= 40°C,8,0,,,1,A,26,BIG TROUT LAKE,2,1991,2020,,,798,85.81,1/12/2024,4,,,,,,,,
40000000,170,Mean number of days with maximum temperature >= 40°C,9,0,,,1,A,26,BIG TROUT LAKE,2,1991,2020,,,765,85,1/12/2024,4,,,,,,,,
40000000,170,Mean number of days with maximum temperature >= 40°C,10,0,,,1,A,25,BIG TROUT LAKE,3,1991,2020,,,765,85.09,1/12/2024,4,,,,,,,,
40000000,170,Mean number of days with maximum temperature >= 40°C,11,0,,,1,A,27,BIG TROUT LAKE,3,1991,2020,,,806,95.95,1/12/2024,4,,,,,,,,
40000000,170,Mean number of days with maximum temperature >= 40°C,12,0,,,1,A,26,BIG TROUT LAKE,3,1991,2020,,,800,86.02,1/12/2024,4,,,,,,,,
40000000,170,Mean number of days with maximum temperature >= 40°C,13,0,,,1,A,27,BIG TROUT LAKE,3,1991,2020,,,9500,88.24,1/12/2024,4,,,,,,,,
40000000,171,Days with precipitation GE 1 mm,1,6.6,,,1,A,26,BIG TROUT LAKE,3,1991,2020,,,783,84.19,1/12/2024,4,,,,,,,,
40000000,171,Days with precipitation GE 1 mm,2,4.4,,,1,A,27,BIG TROUT LAKE,2,1991,2020,,,744,87.74,1/12/2024,4,,,,,,,,
40000000,171,Days with precipitation GE 1 mm,3,6.2,,,1,A,25,BIG TROUT LAKE,2,1991,2020,,,756,84.09,1/12/2024,4,,,,,,,,
40000000,171,Days with precipitation GE 1 mm,4,5,,,1,A,27,BIG TROUT LAKE,2,1991,2020,,,772,85.78,1/12/2024,4,,,,,,,,
40000000,171,Days with precipitation GE 1 mm,5,7.6,,,1,A,25,BIG TROUT LAKE,2,1991,2020,,,755,81.18,1/12/2024,4,,,,,,,,
40000000,171,Days with precipitation GE 1 mm,6,9.5,,,1,A,27,BIG TROUT LAKE,2,1991,2020,,,781,89.77,1/12/2024,4,,,,,,,,
40000000,171,Days with precipitation GE 1 mm,7,11.8,,,1,A,26,BIG TROUT LAKE,2,1991,2020,,,778,86.54,1/12/2024,4,,,,,,,,
40000000,171,Days with precipitation GE 1 mm,8,10.4,,,1,A,26,BIG TROUT LAKE,2,1991,2020,,,776,83.44,1/12/2024,4,,,,,,,,
40000000,171,Days with precipitation GE 1 mm,9,10.3,,,1,A,25,BIG TROUT LAKE,2,1991,2020,,,724,80.44,1/12/2024,4,,,,,,,,
40000000,171,Days with precipitation GE 1 mm,10,9.8,,,1,A,25,BIG TROUT LAKE,3,1991,2020,,,752,83.65,1/12/2024,4,,,,,,,,
40000000,171,Days with precipitation GE 1 mm,11,8.9,,,1,B,26,BIG TROUT LAKE,4,1991,2020,,,764,90.95,1/12/2024,4,,,,,,,,
40000000,171,Days with precipitation GE 1 mm,12,6,,,1,B,25,BIG TROUT LAKE,4,1991,2020,,,751,80.75,1/12/2024,4,,,,,,,,
40000000,171,Days with precipitation GE 1 mm,13,96.5,,,1,B,27,BIG TROUT LAKE,4,1991,2020,,,9136,84.88,1/12/2024,4,,,,,,,,
40000000,172,Mean number of days with daily precipitation >= 50 mm,1,0,,,1,A,26,BIG TROUT LAKE,3,1991,2020,,,783,84.19,1/12/2024,4,,,,,,,,
40000000,172,Mean number of days with daily precipitation >= 50 mm,2,0,,,1,A,27,BIG TROUT LAKE,2,1991,2020,,,744,87.74,1/12/2024,4,,,,,,,,
40000000,172,Mean number of days with daily precipitation >= 50 mm,3,0,,,1,A,25,BIG TROUT LAKE,2,1991,2020,,,756,84.09,1/12/2024,4,,,,,,,,
40000000,172,Mean number of days with daily precipitation >= 50 mm,4,0,,,1,A,27,BIG TROUT LAKE,2,1991,2020,,,772,85.78,1/12/2024,4,,,,,,,,
40000000,172,Mean number of days with daily precipitation >= 50 mm,5,0,,,1,A,25,BIG TROUT LAKE,2,1991,2020,,,755,81.18,1/12/2024,4,,,,,,,,
40000000,172,Mean number of days with daily precipitation >= 50 mm,6,0,,,1,A,27,BIG TROUT LAKE,2,1991,2020,,,781,89.77,1/12/2024,4,,,,,,,,
40000000,172,Mean number of days with daily precipitation >= 50 mm,7,0,,,1,A,26,BIG TROUT LAKE,2,1991,2020,,,778,86.54,1/12/2024,4,,,,,,,,
40000000,172,Mean number of days with daily precipitation >= 50 mm,8,0.2,,,1,A,26,BIG TROUT LAKE,2,1991,2020,,,776,83.44,1/12/2024,4,,,,,,,,
40000000,172,Mean number of days with daily precipitation >= 50 mm,9,0.1,,,1,A,25,BIG TROUT LAKE,2,1991,2020,,,724,80.44,1/12/2024,4,,,,,,,,
40000000,172,Mean number of days with daily precipitation >= 50 mm,10,0,,,1,A,25,BIG TROUT LAKE,3,1991,2020,,,752,83.65,1/12/2024,4,,,,,,,,
40000000,172,Mean number of days with daily precipitation >= 50 mm,11,0,,,1,B,26,BIG TROUT LAKE,4,1991,2020,,,764,90.95,1/12/2024,4,,,,,,,,
40000000,172,Mean number of days with daily precipitation >= 50 mm,12,0,,,1,B,25,BIG TROUT LAKE,4,1991,2020,,,751,80.75,1/12/2024,4,,,,,,,,
40000000,172,Mean number of days with daily precipitation >= 50 mm,13,0.3,,,1,B,27,BIG TROUT LAKE,4,1991,2020,,,9136,84.88,1/12/2024,4,,,,,,,,
40000000,173,Mean number of days with daily precipitation >= 100 mm,1,0,,,1,A,26,BIG TROUT LAKE,3,1991,2020,,,783,84.19,1/12/2024,4,,,,,,,,
40000000,173,Mean number of days with daily precipitation >= 100 mm,2,0,,,1,A,27,BIG TROUT LAKE,2,1991,2020,,,744,87.74,1/12/2024,4,,,,,,,,
40000000,173,Mean number of days with daily precipitation >= 100 mm,3,0,,,1,A,25,BIG TROUT LAKE,2,1991,2020,,,756,84.09,1/12/2024,4,,,,,,,,
40000000,173,Mean number of days with daily precipitation >= 100 mm,4,0,,,1,A,27,BIG TROUT LAKE,2,1991,2020,,,772,85.78,1/12/2024,4,,,,,,,,
40000000,173,Mean number of days with daily precipitation >= 100 mm,5,0,,,1,A,25,BIG TROUT LAKE,2,1991,2020,,,755,81.18,1/12/2024,4,,,,,,,,
40000000,173,Mean number of days with daily precipitation >= 100 mm,6,0,,,1,A,27,BIG TROUT LAKE,2,1991,2020,,,781,89.77,1/12/2024,4,,,,,,,,
40000000,173,Mean number of days with daily precipitation >= 100 mm,7,0,,,1,A,26,BIG TROUT LAKE,2,1991,2020,,,778,86.54,1/12/2024,4,,,,,,,,
40000000,173,Mean number of days with daily precipitation >= 100 mm,8,0,,,1,A,26,BIG TROUT LAKE,2,1991,2020,,,776,83.44,1/12/2024,4,,,,,,,,
40000000,173,Mean number of days with daily precipitation >= 100 mm,9,0,,,1,A,25,BIG TROUT LAKE,2,1991,2020,,,724,80.44,1/12/2024,4,,,,,,,,
40000000,173,Mean number of days with daily precipitation >= 100 mm,10,0,,,1,A,25,BIG TROUT LAKE,3,1991,2020,,,752,83.65,1/12/2024,4,,,,,,,,
40000000,173,Mean number of days with daily precipitation >= 100 mm,11,0,,,1,B,26,BIG TROUT LAKE,4,1991,2020,,,764,90.95,1/12/2024,4,,,,,,,,
40000000,173,Mean number of days with daily precipitation >= 100 mm,12,0,,,1,B,25,BIG TROUT LAKE,4,1991,2020,,,751,80.75,1/12/2024,4,,,,,,,,
40000000,173,Mean number of days with daily precipitation >= 100 mm,13,0,,,1,B,27,BIG TROUT LAKE,4,1991,2020,,,9136,84.88,1/12/2024,4,,,,,,,,
40000000,174,Mean number of days with daily precipitation >= 150 mm,1,0,,,1,A,26,BIG TROUT LAKE,3,1991,2020,,,783,84.19,1/12/2024,4,,,,,,,,
40000000,174,Mean number of days with daily precipitation >= 150 mm,2,0,,,1,A,27,BIG TROUT LAKE,2,1991,2020,,,744,87.74,1/12/2024,4,,,,,,,,
40000000,174,Mean number of days with daily precipitation >= 150 mm,3,0,,,1,A,25,BIG TROUT LAKE,2,1991,2020,,,756,84.09,1/12/2024,4,,,,,,,,
40000000,174,Mean number of days with daily precipitation >= 150 mm,4,0,,,1,A,27,BIG TROUT LAKE,2,1991,2020,,,772,85.78,1/12/2024,4,,,,,,,,
40000000,174,Mean number of days with daily precipitation >= 150 mm,5,0,,,1,A,25,BIG TROUT LAKE,2,1991,2020,,,755,81.18,1/12/2024,4,,,,,,,,
40000000,174,Mean number of days with daily precipitation >= 150 mm,6,0,,,1,A,27,BIG TROUT LAKE,2,1991,2020,,,781,89.77,1/12/2024,4,,,,,,,,
40000000,174,Mean number of days with daily precipitation >= 150 mm,7,0,,,1,A,26,BIG TROUT LAKE,2,1991,2020,,,778,86.54,1/12/2024,4,,,,,,,,
40000000,174,Mean number of days with daily precipitation >= 150 mm,8,0,,,1,A,26,BIG TROUT LAKE,2,1991,2020,,,776,83.44,1/12/2024,4,,,,,,,,
40000000,174,Mean number of days with daily precipitation >= 150 mm,9,0,,,1,A,25,BIG TROUT LAKE,2,1991,2020,,,724,80.44,1/12/2024,4,,,,,,,,
40000000,174,Mean number of days with daily precipitation >= 150 mm,10,0,,,1,A,25,BIG TROUT LAKE,3,1991,2020,,,752,83.65,1/12/2024,4,,,,,,,,
40000000,174,Mean number of days with daily precipitation >= 150 mm,11,0,,,1,B,26,BIG TROUT LAKE,4,1991,2020,,,764,90.95,1/12/2024,4,,,,,,,,
40000000,174,Mean number of days with daily precipitation >= 150 mm,12,0,,,1,B,25,BIG TROUT LAKE,4,1991,2020,,,751,80.75,1/12/2024,4,,,,,,,,
40000000,174,Mean number of days with daily precipitation >= 150 mm,13,0,,,1,B,27,BIG TROUT LAKE,4,1991,2020,,,9136,84.88,1/12/2024,4,,,,,,,,
40000000,179,Mean number of days with wind speed >= 10 m/s,1,0.3,,,1,A,26,BIG TROUT LAKE,3,1991,2020,,,19235,95.75,1/12/2024,4,,,,,,,,
40000000,179,Mean number of days with wind speed >= 10 m/s,2,0.4,,,1,A,28,BIG TROUT LAKE,1,1991,2020,,,18833,99.2,1/12/2024,4,,,,,,,,
40000000,179,Mean number of days with wind speed >= 10 m/s,3,1.3,,,1,A,28,BIG TROUT LAKE,1,1991,2020,,,20691,99.32,1/12/2024,4,,,,,,,,
40000000,179,Mean number of days with wind speed >= 10 m/s,4,0.8,,,1,A,28,BIG TROUT LAKE,1,1991,2020,,,19857,98.5,1/12/2024,4,,,,,,,,
40000000,179,Mean number of days with wind speed >= 10 m/s,5,0.5,,,1,A,27,BIG TROUT LAKE,2,1991,2020,,,19901,95.53,1/12/2024,4,,,,,,,,
40000000,179,Mean number of days with wind speed >= 10 m/s,6,0.9,,,1,A,28,BIG TROUT LAKE,1,1991,2020,,,19893,98.68,1/12/2024,4,,,,,,,,
40000000,179,Mean number of days with wind speed >= 10 m/s,7,0.9,,,1,A,27,BIG TROUT LAKE,2,1991,2020,,,19850,95.29,1/12/2024,4,,,,,,,,
40000000,179,Mean number of days with wind speed >= 10 m/s,8,1.1,,,1,A,26,BIG TROUT LAKE,1,1991,2019,,,19063,91.51,1/12/2024,4,,,,,,,,
40000000,179,Mean number of days with wind speed >= 10 m/s,9,0.8,,,1,A,28,BIG TROUT LAKE,1,1991,2020,,,19949,95.54,1/12/2024,4,,,,,,,,
40000000,179,Mean number of days with wind speed >= 10 m/s,10,1.4,,,1,A,25,BIG TROUT LAKE,1,1994,2020,,,18421,85.38,1/12/2024,4,,,,,,,,
40000000,179,Mean number of days with wind speed >= 10 m/s,11,1,,,1,A,25,BIG TROUT LAKE,1,1995,2020,,,17915,92.16,1/12/2024,4,,,,,,,,
40000000,179,Mean number of days with wind speed >= 10 m/s,12,0.4,,,1,A,27,BIG TROUT LAKE,2,1991,2020,,,19876,98.94,1/12/2024,4,,,,,,,,
40000000,179,Mean number of days with wind speed >= 10 m/s,13,9.8,,,1,A,28,BIG TROUT LAKE,3,1991,2020,,,233484,95.48,1/12/2024,4,,,,,,,,
40000000,180,Mean number of days with wind speed >= 20 m/s,1,0,,,1,A,26,BIG TROUT LAKE,3,1991,2020,,,19235,95.75,1/12/2024,4,,,,,,,,
40000000,180,Mean number of days with wind speed >= 20 m/s,2,0,,,1,A,28,BIG TROUT LAKE,1,1991,2020,,,18833,99.2,1/12/2024,4,,,,,,,,
40000000,180,Mean number of days with wind speed >= 20 m/s,3,0,,,1,A,28,BIG TROUT LAKE,1,1991,2020,,,20691,99.32,1/12/2024,4,,,,,,,,
40000000,180,Mean number of days with wind speed >= 20 m/s,4,0,,,1,A,28,BIG TROUT LAKE,1,1991,2020,,,19857,98.5,1/12/2024,4,,,,,,,,
40000000,180,Mean number of days with wind speed >= 20 m/s,5,0,,,1,A,27,BIG TROUT LAKE,2,1991,2020,,,19901,95.53,1/12/2024,4,,,,,,,,
40000000,180,Mean number of days with wind speed >= 20 m/s,6,0,,,1,A,28,BIG TROUT LAKE,1,1991,2020,,,19893,98.68,1/12/2024,4,,,,,,,,
40000000,180,Mean number of days with wind speed >= 20 m/s,7,0,,,1,A,27,BIG TROUT LAKE,2,1991,2020,,,19850,95.29,1/12/2024,4,,,,,,,,
40000000,180,Mean number of days with wind speed >= 20 m/s,8,0,,,1,A,26,BIG TROUT LAKE,1,1991,2019,,,19063,91.51,1/12/2024,4,,,,,,,,
40000000,180,Mean number of days with wind speed >= 20 m/s,9,0,,,1,A,28,BIG TROUT LAKE,1,1991,2020,,,19949,95.54,1/12/2024,4,,,,,,,,
40000000,180,Mean number of days with wind speed >= 20 m/s,10,0,,,1,A,25,BIG TROUT LAKE,1,1994,2020,,,18421,85.38,1/12/2024,4,,,,,,,,
40000000,180,Mean number of days with wind speed >= 20 m/s,11,0,,,1,A,25,BIG TROUT LAKE,1,1995,2020,,,17915,92.16,1/12/2024,4,,,,,,,,
40000000,180,Mean number of days with wind speed >= 20 m/s,12,0,,,1,A,27,BIG TROUT LAKE,2,1991,2020,,,19876,98.94,1/12/2024,4,,,,,,,,
40000000,180,Mean number of days with wind speed >= 20 m/s,13,0,,,1,A,28,BIG TROUT LAKE,3,1991,2020,,,233484,95.48,1/12/2024,4,,,,,,,,
40000000,181,Mean number of days with wind speed >= 30 m/s,1,0,,,1,A,26,BIG TROUT LAKE,3,1991,2020,,,19235,95.75,1/12/2024,4,,,,,,,,
40000000,181,Mean number of days with wind speed >= 30 m/s,2,0,,,1,A,28,BIG TROUT LAKE,1,1991,2020,,,18833,99.2,1/12/2024,4,,,,,,,,
40000000,181,Mean number of days with wind speed >= 30 m/s,3,0,,,1,A,28,BIG TROUT LAKE,1,1991,2020,,,20691,99.32,1/12/2024,4,,,,,,,,
40000000,181,Mean number of days with wind speed >= 30 m/s,4,0,,,1,A,28,BIG TROUT LAKE,1,1991,2020,,,19857,98.5,1/12/2024,4,,,,,,,,
40000000,181,Mean number of days with wind speed >= 30 m/s,5,0,,,1,A,27,BIG TROUT LAKE,2,1991,2020,,,19901,95.53,1/12/2024,4,,,,,,,,
40000000,181,Mean number of days with wind speed >= 30 m/s,6,0,,,1,A,28,BIG TROUT LAKE,1,1991,2020,,,19893,98.68,1/12/2024,4,,,,,,,,
40000000,181,Mean number of days with wind speed >= 30 m/s,7,0,,,1,A,27,BIG TROUT LAKE,2,1991,2020,,,19850,95.29,1/12/2024,4,,,,,,,,
40000000,181,Mean number of days with wind speed >= 30 m/s,8,0,,,1,A,26,BIG TROUT LAKE,1,1991,2019,,,19063,91.51,1/12/2024,4,,,,,,,,
40000000,181,Mean number of days with wind speed >= 30 m/s,9,0,,,1,A,28,BIG TROUT LAKE,1,1991,2020,,,19949,95.54,1/12/2024,4,,,,,,,,
40000000,181,Mean number of days with wind speed >= 30 m/s,10,0,,,1,A,25,BIG TROUT LAKE,1,1994,2020,,,18421,85.38,1/12/2024,4,,,,,,,,
40000000,181,Mean number of days with wind speed >= 30 m/s,11,0,,,1,A,25,BIG TROUT LAKE,1,1995,2020,,,17915,92.16,1/12/2024,4,,,,,,,,
40000000,181,Mean number of days with wind speed >= 30 m/s,12,0,,,1,A,27,BIG TROUT LAKE,2,1991,2020,,,19876,98.94,1/12/2024,4,,,,,,,,
40000000,181,Mean number of days with wind speed >= 30 m/s,13,0,,,1,A,28,BIG TROUT LAKE,3,1991,2020,,,233484,95.48,1/12/2024,4,,,,,,,,
40000000,182,Mean number of days with visibility < 50 m,2,0,,,1,A,25,BIG TROUT LAKE,3,1991,2020,,,16805,95.27,1/12/2024,4,,,,,,,,
40000000,182,Mean number of days with visibility < 50 m,3,0,,,1,A,25,BIG TROUT LAKE,3,1991,2020,,,18446,95.36,1/12/2024,4,,,,,,,,
40000000,182,Mean number of days with visibility < 50 m,4,0,,,1,A,25,BIG TROUT LAKE,3,1991,2020,,,17614,94.09,1/12/2024,4,,,,,,,,
40000000,182,Mean number of days with visibility < 50 m,6,0.2,,,1,C,24,BIG TROUT LAKE,2,1995,2020,,,17148,88.21,1/12/2024,4,,,,,,,,
40000000,182,Mean number of days with visibility < 50 m,7,0.1,,,1,C,24,BIG TROUT LAKE,3,1991,2020,,,17443,86.83,1/12/2024,4,,,,,,,,
40000000,182,Mean number of days with visibility < 50 m,8,0.1,,,1,A,25,BIG TROUT LAKE,3,1991,2020,,,18178,90.49,1/12/2024,4,,,,,,,,
40000000,182,Mean number of days with visibility < 50 m,9,0.2,,,1,A,25,BIG TROUT LAKE,2,1991,2020,,,17536,90.21,1/12/2024,4,,,,,,,,
40000000,182,Mean number of days with visibility < 50 m,10,0,,,1,C,24,BIG TROUT LAKE,3,1994,2020,,,17667,87.95,1/12/2024,4,,,,,,,,
40000000,182,Mean number of days with visibility < 50 m,12,0,,,1,C,24,BIG TROUT LAKE,3,1994,2020,,,17747,95.41,1/12/2024,4,,,,,,,,
40000000,183,Mean number of days with visibility < 100 m,2,0,,,1,A,25,BIG TROUT LAKE,3,1991,2020,,,16805,95.27,1/12/2024,4,,,,,,,,
40000000,183,Mean number of days with visibility < 100 m,3,0,,,1,A,25,BIG TROUT LAKE,3,1991,2020,,,18446,95.36,1/12/2024,4,,,,,,,,
40000000,183,Mean number of days with visibility < 100 m,4,0,,,1,A,25,BIG TROUT LAKE,3,1991,2020,,,17614,94.09,1/12/2024,4,,,,,,,,
40000000,183,Mean number of days with visibility < 100 m,6,0.2,,,1,C,24,BIG TROUT LAKE,2,1995,2020,,,17148,88.21,1/12/2024,4,,,,,,,,
40000000,183,Mean number of days with visibility < 100 m,7,0.1,,,1,C,24,BIG TROUT LAKE,3,1991,2020,,,17443,86.83,1/12/2024,4,,,,,,,,
40000000,183,Mean number of days with visibility < 100 m,8,0.1,,,1,A,25,BIG TROUT LAKE,3,1991,2020,,,18178,90.49,1/12/2024,4,,,,,,,,
40000000,183,Mean number of days with visibility < 100 m,9,0.2,,,1,A,25,BIG TROUT LAKE,2,1991,2020,,,17536,90.21,1/12/2024,4,,,,,,,,
40000000,183,Mean number of days with visibility < 100 m,10,0,,,1,C,24,BIG TROUT LAKE,3,1994,2020,,,17667,87.95,1/12/2024,4,,,,,,,,
40000000,183,Mean number of days with visibility < 100 m,12,0,,,1,C,24,BIG TROUT LAKE,3,1994,2020,,,17747,95.41,1/12/2024,4,,,,,,,,
40000000,184,Mean number of days with visibility < 1000 m,2,1.2,,,1,A,25,BIG TROUT LAKE,3,1991,2020,,,16805,95.27,1/12/2024,4,,,,,,,,
40000000,184,Mean number of days with visibility < 1000 m,3,2.6,,,1,A,25,BIG TROUT LAKE,3,1991,2020,,,18446,95.36,1/12/2024,4,,,,,,,,
40000000,184,Mean number of days with visibility < 1000 m,4,2.1,,,1,A,25,BIG TROUT LAKE,3,1991,2020,,,17614,94.09,1/12/2024,4,,,,,,,,
40000000,184,Mean number of days with visibility < 1000 m,6,2.2,,,1,C,24,BIG TROUT LAKE,2,1995,2020,,,17148,88.21,1/12/2024,4,,,,,,,,
40000000,184,Mean number of days with visibility < 1000 m,7,1.1,,,1,C,24,BIG TROUT LAKE,3,1991,2020,,,17443,86.83,1/12/2024,4,,,,,,,,
40000000,184,Mean number of days with visibility < 1000 m,8,1,,,1,A,25,BIG TROUT LAKE,3,1991,2020,,,18178,90.49,1/12/2024,4,,,,,,,,
40000000,184,Mean number of days with visibility < 1000 m,9,1.2,,,1,A,25,BIG TROUT LAKE,2,1991,2020,,,17536,90.21,1/12/2024,4,,,,,,,,
40000000,184,Mean number of days with visibility < 1000 m,10,2.5,,,1,C,24,BIG TROUT LAKE,3,1994,2020,,,17667,87.95,1/12/2024,4,,,,,,,,
40000000,184,Mean number of days with visibility < 1000 m,12,2.4,,,1,C,24,BIG TROUT LAKE,3,1994,2020,,,17747,95.41,1/12/2024,4,,,,,,,,
40000000,185,Lower bound of quintile 1,1,4,,,1,A,26,BIG TROUT LAKE,3,1991,2020,,,783,84.19,1/12/2024,4,,,,,,,,
40000000,185,Lower bound of quintile 1,2,0.6,,,1,A,27,BIG TROUT LAKE,2,1991,2020,,,744,87.74,1/12/2024,4,,,,,,,,
40000000,185,Lower bound of quintile 1,3,8.7,,,1,A,26,BIG TROUT LAKE,2,1991,2020,,,781,86.87,1/12/2024,4,,,,,,,,
40000000,185,Lower bound of quintile 1,4,0,,,1,A,27,BIG TROUT LAKE,2,1991,2020,,,772,85.78,1/12/2024,4,,,,,,,,
40000000,185,Lower bound of quintile 1,5,5.8,,,1,A,26,BIG TROUT LAKE,2,1991,2020,,,780,83.87,1/12/2024,4,,,,,,,,
40000000,185,Lower bound of quintile 1,6,12.5,,,1,A,28,BIG TROUT LAKE,2,1991,2020,,,806,92.64,1/12/2024,4,,,,,,,,
40000000,185,Lower bound of quintile 1,7,7.9,,,1,A,28,BIG TROUT LAKE,2,1991,2020,,,832,92.55,1/12/2024,4,,,,,,,,
40000000,185,Lower bound of quintile 1,8,12,,,1,A,27,BIG TROUT LAKE,2,1991,2020,,,802,86.24,1/12/2024,4,,,,,,,,
40000000,185,Lower bound of quintile 1,9,13,,,1,A,25,BIG TROUT LAKE,2,1991,2020,,,724,80.44,1/12/2024,4,,,,,,,,
40000000,185,Lower bound of quintile 1,10,0.6,,,1,A,25,BIG TROUT LAKE,3,1991,2020,,,752,83.65,1/12/2024,4,,,,,,,,
40000000,185,Lower bound of quintile 1,11,14.5,,,1,B,26,BIG TROUT LAKE,4,1991,2020,,,764,90.95,1/12/2024,4,,,,,,,,
40000000,185,Lower bound of quintile 1,12,0,,,1,A,26,BIG TROUT LAKE,3,1991,2020,,,776,83.44,1/12/2024,4,,,,,,,,
40000000,186,Upper bound of quintile 1,1,10,,,1,A,26,BIG TROUT LAKE,3,1991,2020,,,783,84.19,1/12/2024,4,,,,,,,,
40000000,186,Upper bound of quintile 1,2,8.5,,,1,A,27,BIG TROUT LAKE,2,1991,2020,,,744,87.74,1/12/2024,4,,,,,,,,
40000000,186,Upper bound of quintile 1,3,15,,,1,A,26,BIG TROUT LAKE,2,1991,2020,,,781,86.87,1/12/2024,4,,,,,,,,
40000000,186,Upper bound of quintile 1,4,11.2,,,1,A,27,BIG TROUT LAKE,2,1991,2020,,,772,85.78,1/12/2024,4,,,,,,,,
40000000,186,Upper bound of quintile 1,5,28.5,,,1,A,26,BIG TROUT LAKE,2,1991,2020,,,780,83.87,1/12/2024,4,,,,,,,,
40000000,186,Upper bound of quintile 1,6,41.4,,,1,A,28,BIG TROUT LAKE,2,1991,2020,,,806,92.64,1/12/2024,4,,,,,,,,
40000000,186,Upper bound of quintile 1,7,35.9,,,1,A,28,BIG TROUT LAKE,2,1991,2020,,,832,92.55,1/12/2024,4,,,,,,,,
40000000,186,Upper bound of quintile 1,8,54.5,,,1,A,27,BIG TROUT LAKE,2,1991,2020,,,802,86.24,1/12/2024,4,,,,,,,,
40000000,186,Upper bound of quintile 1,9,38.6,,,1,A,25,BIG TROUT LAKE,2,1991,2020,,,724,80.44,1/12/2024,4,,,,,,,,
40000000,186,Upper bound of quintile 1,10,28.8,,,1,A,25,BIG TROUT LAKE,3,1991,2020,,,752,83.65,1/12/2024,4,,,,,,,,
40000000,186,Upper bound of quintile 1,11,24.2,,,1,B,26,BIG TROUT LAKE,4,1991,2020,,,764,90.95,1/12/2024,4,,,,,,,,
40000000,186,Upper bound of quintile 1,12,13.5,,,1,A,26,BIG TROUT LAKE,3,1991,2020,,,776,83.44,1/12/2024,4,,,,,,,,
40000000,187,Upper bound of quintile 2,1,14.5,,,1,A,26,BIG TROUT LAKE,3,1991,2020,,,783,84.19,1/12/2024,4,,,,,,,,
40000000,187,Upper bound of quintile 2,2,10,,,1,A,27,BIG TROUT LAKE,2,1991,2020,,,744,87.74,1/12/2024,4,,,,,,,,
40000000,187,Upper bound of quintile 2,3,18.5,,,1,A,26,BIG TROUT LAKE,2,1991,2020,,,781,86.87,1/12/2024,4,,,,,,,,
40000000,187,Upper bound of quintile 2,4,20.2,,,1,A,27,BIG TROUT LAKE,2,1991,2020,,,772,85.78,1/12/2024,4,,,,,,,,
40000000,187,Upper bound of quintile 2,5,39,,,1,A,26,BIG TROUT LAKE,2,1991,2020,,,780,83.87,1/12/2024,4,,,,,,,,
40000000,187,Upper bound of quintile 2,6,52.5,,,1,A,28,BIG TROUT LAKE,2,1991,2020,,,806,92.64,1/12/2024,4,,,,,,,,
40000000,187,Upper bound of quintile 2,7,77.8,,,1,A,28,BIG TROUT LAKE,2,1991,2020,,,832,92.55,1/12/2024,4,,,,,,,,
40000000,187,Upper bound of quintile 2,8,71.2,,,1,A,27,BIG TROUT LAKE,2,1991,2020,,,802,86.24,1/12/2024,4,,,,,,,,
40000000,187,Upper bound of quintile 2,9,59.2,,,1,A,25,BIG TROUT LAKE,2,1991,2020,,,724,80.44,1/12/2024,4,,,,,,,,
40000000,187,Upper bound of quintile 2,10,42.2,,,1,A,25,BIG TROUT LAKE,3,1991,2020,,,752,83.65,1/12/2024,4,,,,,,,,
40000000,187,Upper bound of quintile 2,11,33,,,1,B,26,BIG TROUT LAKE,4,1991,2020,,,764,90.95,1/12/2024,4,,,,,,,,
40000000,187,Upper bound of quintile 2,12,16.5,,,1,A,26,BIG TROUT LAKE,3,1991,2020,,,776,83.44,1/12/2024,4,,,,,,,,
40000000,188,Upper bound of quintile 3,1,20,,,1,A,26,BIG TROUT LAKE,3,1991,2020,,,783,84.19,1/12/2024,4,,,,,,,,
40000000,188,Upper bound of quintile 3,2,14.1,,,1,A,27,BIG TROUT LAKE,2,1991,2020,,,744,87.74,1/12/2024,4,,,,,,,,
40000000,188,Upper bound of quintile 3,3,23.5,,,1,A,26,BIG TROUT LAKE,2,1991,2020,,,781,86.87,1/12/2024,4,,,,,,,,
40000000,188,Upper bound of quintile 3,4,26.4,,,1,A,27,BIG TROUT LAKE,2,1991,2020,,,772,85.78,1/12/2024,4,,,,,,,,
40000000,188,Upper bound of quintile 3,5,47.2,,,1,A,26,BIG TROUT LAKE,2,1991,2020,,,780,83.87,1/12/2024,4,,,,,,,,
40000000,188,Upper bound of quintile 3,6,69.5,,,1,A,28,BIG TROUT LAKE,2,1991,2020,,,806,92.64,1/12/2024,4,,,,,,,,
40000000,188,Upper bound of quintile 3,7,99,,,1,A,28,BIG TROUT LAKE,2,1991,2020,,,832,92.55,1/12/2024,4,,,,,,,,
40000000,188,Upper bound of quintile 3,8,90.3,,,1,A,27,BIG TROUT LAKE,2,1991,2020,,,802,86.24,1/12/2024,4,,,,,,,,
40000000,188,Upper bound of quintile 3,9,75.4,,,1,A,25,BIG TROUT LAKE,2,1991,2020,,,724,80.44,1/12/2024,4,,,,,,,,
40000000,188,Upper bound of quintile 3,10,58,,,1,A,25,BIG TROUT LAKE,3,1991,2020,,,752,83.65,1/12/2024,4,,,,,,,,
40000000,188,Upper bound of quintile 3,11,41,,,1,B,26,BIG TROUT LAKE,4,1991,2020,,,764,90.95,1/12/2024,4,,,,,,,,
40000000,188,Upper bound of quintile 3,12,20.4,,,1,A,26,BIG TROUT LAKE,3,1991,2020,,,776,83.44,1/12/2024,4,,,,,,,,
40000000,189,Upper bound of quintile 4,1,29,,,1,A,26,BIG TROUT LAKE,3,1991,2020,,,783,84.19,1/12/2024,4,,,,,,,,
40000000,189,Upper bound of quintile 4,2,20.3,,,1,A,27,BIG TROUT LAKE,2,1991,2020,,,744,87.74,1/12/2024,4,,,,,,,,
40000000,189,Upper bound of quintile 4,3,33.5,,,1,A,26,BIG TROUT LAKE,2,1991,2020,,,781,86.87,1/12/2024,4,,,,,,,,
40000000,189,Upper bound of quintile 4,4,33.4,,,1,A,27,BIG TROUT LAKE,2,1991,2020,,,772,85.78,1/12/2024,4,,,,,,,,
40000000,189,Upper bound of quintile 4,5,75.8,,,1,A,26,BIG TROUT LAKE,2,1991,2020,,,780,83.87,1/12/2024,4,,,,,,,,
40000000,189,Upper bound of quintile 4,6,86.2,,,1,A,28,BIG TROUT LAKE,2,1991,2020,,,806,92.64,1/12/2024,4,,,,,,,,
40000000,189,Upper bound of quintile 4,7,128.1,,,1,A,28,BIG TROUT LAKE,2,1991,2020,,,832,92.55,1/12/2024,4,,,,,,,,
40000000,189,Upper bound of quintile 4,8,108.2,,,1,A,27,BIG TROUT LAKE,2,1991,2020,,,802,86.24,1/12/2024,4,,,,,,,,
40000000,189,Upper bound of quintile 4,9,89.4,,,1,A,25,BIG TROUT LAKE,2,1991,2020,,,724,80.44,1/12/2024,4,,,,,,,,
40000000,189,Upper bound of quintile 4,10,62.6,,,1,A,25,BIG TROUT LAKE,3,1991,2020,,,752,83.65,1/12/2024,4,,,,,,,,
40000000,189,Upper bound of quintile 4,11,46.3,,,1,B,26,BIG TROUT LAKE,4,1991,2020,,,764,90.95,1/12/2024,4,,,,,,,,
40000000,189,Upper bound of quintile 4,12,25,,,1,A,26,BIG TROUT LAKE,3,1991,2020,,,776,83.44,1/12/2024,4,,,,,,,,
40000000,190,Upper bound of quintile 5,1,65.2,,,1,A,26,BIG TROUT LAKE,3,1991,2020,,,783,84.19,1/12/2024,4,,,,,,,,
40000000,190,Upper bound of quintile 5,2,29,,,1,A,27,BIG TROUT LAKE,2,1991,2020,,,744,87.74,1/12/2024,4,,,,,,,,
40000000,190,Upper bound of quintile 5,3,49,,,1,A,26,BIG TROUT LAKE,2,1991,2020,,,781,86.87,1/12/2024,4,,,,,,,,
40000000,190,Upper bound of quintile 5,4,64,,,1,A,27,BIG TROUT LAKE,2,1991,2020,,,772,85.78,1/12/2024,4,,,,,,,,
40000000,190,Upper bound of quintile 5,5,135,,,1,A,26,BIG TROUT LAKE,2,1991,2020,,,780,83.87,1/12/2024,4,,,,,,,,
40000000,190,Upper bound of quintile 5,6,167.9,,,1,A,28,BIG TROUT LAKE,2,1991,2020,,,806,92.64,1/12/2024,4,,,,,,,,
40000000,190,Upper bound of quintile 5,7,207.2,,,1,A,28,BIG TROUT LAKE,2,1991,2020,,,832,92.55,1/12/2024,4,,,,,,,,
40000000,190,Upper bound of quintile 5,8,156.5,,,1,A,27,BIG TROUT LAKE,2,1991,2020,,,802,86.24,1/12/2024,4,,,,,,,,
40000000,190,Upper bound of quintile 5,9,168,,,1,A,25,BIG TROUT LAKE,2,1991,2020,,,724,80.44,1/12/2024,4,,,,,,,,
40000000,190,Upper bound of quintile 5,10,105.8,,,1,A,25,BIG TROUT LAKE,3,1991,2020,,,752,83.65,1/12/2024,4,,,,,,,,
40000000,190,Upper bound of quintile 5,11,83.2,,,1,B,26,BIG TROUT LAKE,4,1991,2020,,,764,90.95,1/12/2024,4,,,,,,,,
40000000,190,Upper bound of quintile 5,12,62,,,1,A,26,BIG TROUT LAKE,3,1991,2020,,,776,83.44,1/12/2024,4,,,,,,,,
40000000,191,Mean number of days with maximum temperature >= 30°C,1,0,,,1,A,27,BIG TROUT LAKE,2,1991,2020,,,830,89.25,1/12/2024,4,,,,,,,,
40000000,191,Mean number of days with maximum temperature >= 30°C,2,0,,,1,A,27,BIG TROUT LAKE,2,1991,2020,,,756,89.15,1/12/2024,4,,,,,,,,
40000000,191,Mean number of days with maximum temperature >= 30°C,3,0,,,1,A,27,BIG TROUT LAKE,2,1991,2020,,,828,92.1,1/12/2024,4,,,,,,,,
40000000,191,Mean number of days with maximum temperature >= 30°C,4,0,,,1,A,27,BIG TROUT LAKE,2,1991,2020,,,796,88.44,1/12/2024,4,,,,,,,,
40000000,191,Mean number of days with maximum temperature >= 30°C,5,0,,,1,A,26,BIG TROUT LAKE,2,1991,2020,,,795,85.48,1/12/2024,4,,,,,,,,
40000000,191,Mean number of days with maximum temperature >= 30°C,6,0.6,,,1,A,27,BIG TROUT LAKE,2,1991,2020,,,795,91.38,1/12/2024,4,,,,,,,,
40000000,191,Mean number of days with maximum temperature >= 30°C,7,0.8,,,1,A,25,BIG TROUT LAKE,2,1991,2020,,,766,85.21,1/12/2024,4,,,,,,,,
40000000,191,Mean number of days with maximum temperature >= 30°C,8,0.5,,,1,A,26,BIG TROUT LAKE,2,1991,2020,,,798,85.81,1/12/2024,4,,,,,,,,
40000000,191,Mean number of days with maximum temperature >= 30°C,9,0,,,1,A,26,BIG TROUT LAKE,2,1991,2020,,,765,85,1/12/2024,4,,,,,,,,
40000000,191,Mean number of days with maximum temperature >= 30°C,10,0,,,1,A,25,BIG TROUT LAKE,3,1991,2020,,,765,85.09,1/12/2024,4,,,,,,,,
40000000,191,Mean number of days with maximum temperature >= 30°C,11,0,,,1,A,27,BIG TROUT LAKE,3,1991,2020,,,806,95.95,1/12/2024,4,,,,,,,,
40000000,191,Mean number of days with maximum temperature >= 30°C,12,0,,,1,A,26,BIG TROUT LAKE,3,1991,2020,,,800,86.02,1/12/2024,4,,,,,,,,
40000000,191,Mean number of days with maximum temperature >= 30°C,13,1.9,,,1,A,27,BIG TROUT LAKE,3,1991,2020,,,9500,88.24,1/12/2024,4,,,,,,,,
40000000,192,Mean number of days with maximum temperature >= 35°C,1,0,,,1,A,27,BIG TROUT LAKE,2,1991,2020,,,830,89.25,1/12/2024,4,,,,,,,,
40000000,192,Mean number of days with maximum temperature >= 35°C,2,0,,,1,A,27,BIG TROUT LAKE,2,1991,2020,,,756,89.15,1/12/2024,4,,,,,,,,
40000000,192,Mean number of days with maximum temperature >= 35°C,3,0,,,1,A,27,BIG TROUT LAKE,2,1991,2020,,,828,92.1,1/12/2024,4,,,,,,,,
40000000,192,Mean number of days with maximum temperature >= 35°C,4,0,,,1,A,27,BIG TROUT LAKE,2,1991,2020,,,796,88.44,1/12/2024,4,,,,,,,,
40000000,192,Mean number of days with maximum temperature >= 35°C,5,0,,,1,A,26,BIG TROUT LAKE,2,1991,2020,,,795,85.48,1/12/2024,4,,,,,,,,
40000000,192,Mean number of days with maximum temperature >= 35°C,6,0.1,,,1,A,27,BIG TROUT LAKE,2,1991,2020,,,795,91.38,1/12/2024,4,,,,,,,,
40000000,192,Mean number of days with maximum temperature >= 35°C,7,0,,,1,A,25,BIG TROUT LAKE,2,1991,2020,,,766,85.21,1/12/2024,4,,,,,,,,
40000000,192,Mean number of days with maximum temperature >= 35°C,8,0,,,1,A,26,BIG TROUT LAKE,2,1991,2020,,,798,85.81,1/12/2024,4,,,,,,,,
40000000,192,Mean number of days with maximum temperature >= 35°C,9,0,,,1,A,26,BIG TROUT LAKE,2,1991,2020,,,765,85,1/12/2024,4,,,,,,,,
40000000,192,Mean number of days with maximum temperature >= 35°C,10,0,,,1,A,25,BIG TROUT LAKE,3,1991,2020,,,765,85.09,1/12/2024,4,,,,,,,,
40000000,192,Mean number of days with maximum temperature >= 35°C,11,0,,,1,A,27,BIG TROUT LAKE,3,1991,2020,,,806,95.95,1/12/2024,4,,,,,,,,
40000000,192,Mean number of days with maximum temperature >= 35°C,12,0,,,1,A,26,BIG TROUT LAKE,3,1991,2020,,,800,86.02,1/12/2024,4,,,,,,,,
40000000,192,Mean number of days with maximum temperature >= 35°C,13,0.1,,,1,A,27,BIG TROUT LAKE,3,1991,2020,,,9500,88.24,1/12/2024,4,,,,,,,,
